6.657,6.096,0.561,1.308,0.718,1.731,0.000,14.772,10.289
0.904,0.824,0.080,0.345,0.121,0.657,0.000,3.241,2.225
0.015,0.011,0.004,0.007,0.003,0.220,0.000,0.315,0.195
0.908,0.828,0.080,0.349,0.121,0.648,0.000,3.350,2.316
0.938,0.857,0.081,0.344,0.120,0.648,0.000,3.320,2.286
0.958,0.873,0.085,0.368,0.128,0.674,0.000,3.341,2.281
0.911,0.831,0.080,0.333,0.121,0.646,0.000,3.223,2.208
6.699,6.134,0.565,1.326,0.758,1.666,0.000,14.790,10.308
6.687,6.121,0.566,1.299,0.717,1.640,0.000,14.673,10.219
0.968,0.884,0.084,0.361,0.127,0.714,0.000,3.487,2.393
0.904,0.824,0.080,0.341,0.137,0.649,0.000,3.322,2.312
0.910,0.829,0.081,0.333,0.123,0.648,0.001,3.235,2.206
0.913,0.830,0.083,0.338,0.121,0.655,0.000,3.243,2.226
0.913,0.833,0.080,0.397,0.120,0.647,0.001,3.288,2.205
0.908,0.828,0.080,0.355,0.121,0.650,0.000,3.251,2.220
0.905,0.825,0.080,0.357,0.120,0.657,0.000,3.264,2.237
0.935,0.853,0.082,0.316,0.120,0.648,0.000,3.292,2.262
0.913,0.832,0.081,0.306,0.121,0.648,0.000,3.204,2.182
0.912,0.831,0.081,0.351,0.123,0.657,0.000,3.256,2.231
0.912,0.831,0.081,0.339,0.121,0.653,0.000,3.233,2.213
0.952,0.872,0.080,0.315,0.121,0.647,0.001,3.280,2.254
0.946,0.865,0.081,0.339,0.120,0.651,0.000,3.311,2.267
0.913,0.833,0.080,0.338,0.121,0.648,0.000,3.233,2.195
0.904,0.823,0.081,0.346,0.119,0.658,0.001,3.241,2.220
0.143,0.127,0.016,0.068,0.024,0.311,0.000,0.942,0.570
0.143,0.127,0.016,0.070,0.024,0.308,0.000,0.940,0.587
0.143,0.127,0.016,0.067,0.025,0.302,0.000,0.930,0.561
0.142,0.126,0.016,0.064,0.024,0.305,0.001,0.935,0.537
0.151,0.135,0.016,0.070,0.026,0.320,0.000,1.000,0.592
0.152,0.135,0.017,0.069,0.025,0.323,0.000,0.986,0.602
0.143,0.128,0.015,0.066,0.024,0.304,0.001,0.928,0.573
0.142,0.126,0.016,0.065,0.024,0.303,0.000,0.928,0.568
0.159,0.143,0.016,0.081,0.026,0.342,0.000,1.033,0.630
0.145,0.130,0.015,0.069,0.024,0.304,0.000,0.938,0.574
0.143,0.127,0.016,0.069,0.024,0.304,0.000,0.935,0.578
0.906,0.825,0.081,0.338,0.120,0.648,0.000,3.217,2.192
0.144,0.128,0.016,0.064,0.024,0.303,0.000,0.924,0.566
0.037,0.029,0.008,0.018,0.007,0.301,0.001,0.504,0.326
0.038,0.030,0.008,0.018,0.007,0.302,0.001,0.508,0.334
0.037,0.030,0.007,0.019,0.006,0.303,0.001,0.508,0.345
0.038,0.030,0.008,0.019,0.006,0.302,0.000,0.506,0.327
0.036,0.029,0.007,0.018,0.006,0.303,0.000,0.505,0.326
0.037,0.030,0.007,0.017,0.007,0.302,0.000,0.504,0.333
0.038,0.030,0.008,0.017,0.007,0.304,0.000,0.510,0.331
0.038,0.030,0.008,0.017,0.007,0.304,0.000,0.511,0.331
0.039,0.032,0.007,0.017,0.007,0.302,0.001,0.509,0.336
0.027,0.021,0.006,0.014,0.007,0.430,0.001,0.603,0.362
0.015,0.011,0.004,0.007,0.003,0.220,0.000,0.317,0.197
0.013,0.010,0.003,0.007,0.003,0.219,0.000,0.312,0.191
0.016,0.011,0.005,0.007,0.003,0.223,0.000,0.319,0.197
0.015,0.010,0.005,0.007,0.003,0.220,0.000,0.315,0.203
0.014,0.011,0.003,0.007,0.004,0.219,0.000,0.317,0.199
0.016,0.012,0.004,0.007,0.004,0.238,0.001,0.339,0.206
0.014,0.011,0.003,0.007,0.004,0.220,0.000,0.316,0.194
0.013,0.010,0.003,0.007,0.003,0.219,0.000,0.310,0.192
0.014,0.011,0.003,0.007,0.003,0.246,0.000,0.339,0.220
0.015,0.011,0.004,0.006,0.004,0.221,0.001,0.316,0.197
0.015,0.011,0.004,0.007,0.003,0.220,0.000,0.315,0.194
0.014,0.011,0.003,0.006,0.004,0.220,0.000,0.312,0.200
0.014,0.011,0.003,0.007,0.004,0.231,0.001,0.328,0.198
0.031,0.028,0.003,0.007,0.004,0.231,0.001,0.360,0.218
0.015,0.011,0.004,0.006,0.004,0.221,0.000,0.317,0.193
0.015,0.011,0.004,0.009,0.003,0.220,0.000,0.322,0.200
0.014,0.010,0.004,0.007,0.004,0.220,0.000,0.314,0.190
0.028,0.021,0.007,0.013,0.007,0.429,0.001,0.602,0.364
0.014,0.011,0.003,0.007,0.004,0.220,0.000,0.315,0.195
0.014,0.011,0.003,0.006,0.004,0.219,0.000,0.313,0.199
0.014,0.010,0.004,0.006,0.004,0.219,0.000,0.313,0.195
0.014,0.011,0.003,0.008,0.004,0.219,0.000,0.316,0.188
0.015,0.011,0.004,0.007,0.004,0.233,0.000,0.341,0.201
0.016,0.012,0.004,0.007,0.004,0.234,0.000,0.355,0.203
2.903,1.110,1.793,1.209,0.980,1.782,0.001,11.492,9.037
2.832,1.067,1.765,1.319,0.959,1.625,0.000,11.104,8.784
2.952,1.177,1.775,1.397,0.960,1.627,0.000,11.306,8.838
2.844,1.076,1.768,1.267,0.962,1.626,0.000,11.095,8.779
2.836,1.067,1.769,1.303,0.958,1.631,0.000,11.232,8.909
2.823,1.067,1.756,1.287,0.959,1.667,0.001,11.139,8.806
2.839,1.073,1.766,1.326,0.960,1.625,0.001,11.234,8.911
2.836,1.075,1.761,1.399,0.998,1.635,0.000,11.235,8.887
2.835,1.073,1.762,1.385,0.959,1.670,0.000,11.209,8.876
2.841,1.073,1.768,1.348,0.959,1.631,0.000,11.241,8.906
2.915,1.080,1.835,1.289,0.964,1.739,0.001,11.375,9.024
2.838,1.075,1.763,1.335,0.960,1.671,0.001,11.167,8.860
2.841,1.073,1.768,1.283,0.957,1.683,0.000,11.135,8.802
2.887,1.104,1.783,1.349,0.984,1.626,0.000,11.433,9.005
6.860,6.289,0.571,1.355,0.964,1.670,0.000,15.201,10.731
2.872,1.076,1.796,1.412,0.953,1.619,0.000,11.213,8.802
2.867,1.103,1.764,1.356,0.956,1.621,0.000,11.163,8.757
2.839,1.089,1.750,1.432,0.983,1.619,0.000,11.224,8.806
2.854,1.096,1.758,1.415,0.969,1.620,0.000,11.280,8.819
2.824,1.065,1.759,1.354,0.953,1.620,0.001,11.153,8.776
0.492,0.183,0.309,0.345,0.128,0.653,0.001,2.836,2.018
0.494,0.187,0.307,0.340,0.128,0.651,0.001,2.860,2.055
0.490,0.184,0.306,0.342,0.127,0.651,0.000,2.830,2.034
0.491,0.185,0.306,0.346,0.127,0.651,0.000,2.831,2.034
0.490,0.188,0.302,0.340,0.127,0.652,0.000,2.828,2.026
0.119,0.044,0.075,0.067,0.020,0.305,0.000,0.907,0.527
0.118,0.044,0.074,0.067,0.021,0.306,0.000,0.906,0.553
0.121,0.044,0.077,0.065,0.021,0.303,0.001,0.905,0.535
0.121,0.045,0.076,0.068,0.021,0.306,0.000,0.908,0.566
0.119,0.043,0.076,0.066,0.021,0.304,0.000,0.906,0.579
0.119,0.043,0.076,0.065,0.021,0.303,0.000,0.900,0.528
0.118,0.043,0.075,0.066,0.021,0.304,0.000,0.903,0.550
0.053,0.015,0.038,0.017,0.014,0.324,0.000,0.563,0.379
0.054,0.017,0.037,0.018,0.016,0.323,0.000,0.554,0.375
0.053,0.014,0.039,0.018,0.013,0.324,0.000,0.555,0.366
0.052,0.016,0.036,0.018,0.013,0.327,0.000,0.554,0.385
0.055,0.016,0.039,0.018,0.014,0.331,0.001,0.567,0.375
0.053,0.016,0.037,0.017,0.013,0.331,0.001,0.561,0.376
0.054,0.017,0.037,0.017,0.013,0.324,0.000,0.571,0.388
0.053,0.017,0.036,0.018,0.013,0.331,0.000,0.582,0.392
0.052,0.017,0.035,0.018,0.013,0.323,0.001,0.554,0.367
0.053,0.018,0.035,0.018,0.013,0.332,0.001,0.563,0.378
0.053,0.017,0.036,0.017,0.014,0.331,0.000,0.561,0.370
0.028,0.007,0.021,0.006,0.003,0.169,0.000,0.278,0.147
0.028,0.007,0.021,0.005,0.004,0.161,0.000,0.269,0.140
0.027,0.007,0.020,0.006,0.003,0.171,0.000,0.279,0.138
0.026,0.006,0.020,0.006,0.003,0.169,0.000,0.291,0.165
0.029,0.006,0.023,0.005,0.004,0.171,0.000,0.284,0.152
0.027,0.008,0.019,0.006,0.003,0.169,0.001,0.277,0.147
0.016,0.011,0.005,0.006,0.007,0.213,0.000,0.320,0.199
0.013,0.010,0.003,0.007,0.006,0.215,0.001,0.316,0.193
0.014,0.011,0.003,0.006,0.007,0.215,0.000,0.313,0.194
0.014,0.011,0.003,0.006,0.006,0.216,0.000,0.313,0.200
0.015,0.011,0.004,0.005,0.006,0.217,0.001,0.315,0.192
0.014,0.010,0.004,0.006,0.006,0.216,0.000,0.312,0.196
0.015,0.011,0.004,0.006,0.007,0.216,0.000,0.317,0.196
0.014,0.010,0.004,0.006,0.006,0.215,0.000,0.314,0.196
0.038,0.030,0.008,0.017,0.013,0.318,0.001,0.533,0.353
0.113,0.090,0.023,0.049,0.039,0.985,0.001,1.605,1.068
0.014,0.010,0.004,0.006,0.007,0.216,0.000,0.315,0.193
0.014,0.010,0.004,0.007,0.006,0.216,0.000,0.314,0.198
0.014,0.010,0.004,0.006,0.007,0.214,0.001,0.312,0.192
0.015,0.011,0.004,0.006,0.006,0.212,0.000,0.312,0.192
0.014,0.011,0.003,0.007,0.006,0.217,0.000,0.317,0.198
0.014,0.011,0.003,0.006,0.006,0.212,0.000,0.317,0.185
0.014,0.010,0.004,0.006,0.007,0.216,0.000,0.329,0.208
0.015,0.010,0.005,0.006,0.006,0.217,0.000,0.317,0.199
0.014,0.010,0.004,0.007,0.006,0.216,0.000,0.314,0.195
0.039,0.030,0.009,0.017,0.013,0.327,0.000,0.540,0.357
0.039,0.030,0.009,0.017,0.013,0.341,0.000,0.555,0.383
0.040,0.031,0.009,0.017,0.014,0.329,0.000,0.546,0.367
0.014,0.010,0.004,0.005,0.007,0.215,0.000,0.313,0.190
0.151,0.134,0.017,0.065,0.021,0.315,0.000,0.952,0.571
6.820,6.249,0.571,1.329,0.963,1.667,0.000,15.130,10.662
6.881,6.313,0.568,1.299,0.969,1.647,0.000,15.278,10.777
6.858,6.262,0.596,1.412,0.966,1.649,0.001,15.249,10.757
1.052,487.200,0.002,498.119,491.646
1.035,474.080,0.001,485.027,478.532
0.186,78.702,0.001,84.146,82.824
0.176,78.762,0.000,84.193,82.894
0.177,78.830,0.000,84.268,82.966
0.201,79.085,0.000,84.553,83.214
0.181,78.624,0.000,84.079,82.770
0.168,78.798,0.000,84.246,82.914
0.174,78.772,0.000,84.207,82.905
0.147,19.115,0.000,20.820,20.279
0.140,19.115,0.001,20.818,20.280
0.148,19.106,0.001,20.811,20.276
0.142,19.227,0.001,20.920,20.396
0.139,19.400,0.000,21.088,20.558
0.135,19.141,0.000,20.832,20.305
0.143,19.089,0.000,20.782,20.244
0.178,80.505,0.000,85.981,84.629
0.178,79.279,0.000,84.708,83.388
0.176,78.855,0.000,84.402,83.089
0.182,80.911,0.000,86.451,85.128
0.178,79.322,0.000,84.759,83.451
0.014,0.011,0.003,0.008,0.004,0.024,0.000,0.120,0.076
0.014,0.010,0.004,0.008,0.003,0.025,0.000,0.119,0.079
0.015,0.010,0.005,0.008,0.003,0.025,0.000,0.123,0.076
0.015,0.011,0.004,0.009,0.003,0.026,0.000,0.126,0.078
0.037,0.033,0.004,0.008,0.004,0.026,0.000,0.156,0.108
0.014,0.011,0.003,0.007,0.003,0.025,0.000,0.117,0.074
0.015,0.012,0.003,0.007,0.004,0.026,0.000,0.126,0.077
6.696,6.133,0.563,1.883,0.719,0.183,0.000,13.835,9.826
7.000,6.411,0.589,1.953,0.716,1.700,0.000,15.785,10.974
7.196,6.569,0.627,1.396,0.756,1.758,0.001,15.663,10.869
7.218,6.653,0.565,1.827,0.829,1.724,0.000,16.240,11.539
6.843,6.253,0.590,1.774,0.719,1.759,0.001,15.553,10.952
6.978,6.359,0.619,2.427,0.752,1.741,0.000,16.327,11.498
7.380,6.819,0.561,1.671,0.715,1.633,0.000,15.733,10.619
6.874,6.307,0.567,1.773,0.712,1.713,0.000,15.511,10.901
6.669,6.105,0.564,1.720,0.716,1.661,0.001,15.131,10.636
6.968,6.361,0.607,1.795,0.774,1.804,0.000,15.894,11.174
6.978,6.377,0.601,1.694,0.765,1.691,0.001,15.711,11.065
6.686,6.122,0.564,1.667,0.715,1.647,0.000,15.263,10.757
6.803,6.204,0.599,1.723,0.718,1.665,0.000,15.406,10.824
6.833,6.241,0.592,1.773,0.716,1.672,0.001,15.418,10.845
6.821,6.255,0.566,1.668,0.744,1.687,0.001,15.266,10.738
6.730,6.165,0.565,1.765,0.734,1.676,0.000,15.384,10.854
6.874,6.304,0.570,1.881,0.749,1.629,0.000,15.642,10.923
7.243,6.678,0.565,1.736,0.715,1.640,0.001,15.683,10.596
6.993,6.427,0.566,1.696,0.719,1.629,0.001,15.513,10.990
0.947,0.862,0.085,0.421,0.126,0.699,0.000,3.431,2.344
0.906,0.825,0.081,0.430,0.131,0.710,0.000,3.401,2.338
0.910,0.828,0.082,0.387,0.122,0.671,0.001,3.380,2.307
0.937,0.857,0.080,0.393,0.146,0.700,0.001,3.445,2.366
0.912,0.831,0.081,0.390,0.121,0.644,0.000,3.272,2.247
7.271,6.668,0.603,1.732,0.983,1.716,0.001,16.213,11.590
6.952,6.380,0.572,1.864,0.982,1.657,0.000,15.915,11.357
6.810,6.240,0.570,1.789,0.967,1.650,0.000,15.629,11.190
7.462,6.853,0.609,1.724,0.987,1.852,0.000,16.659,11.580
0.016,0.012,0.004,0.008,0.006,0.230,0.001,0.338,0.204
0.015,0.012,0.003,0.009,0.007,0.228,0.000,0.345,0.212
0.014,0.011,0.003,0.008,0.007,0.215,0.000,0.313,0.194
0.017,0.011,0.006,0.009,0.006,0.235,0.000,0.345,0.210
0.015,0.011,0.004,0.009,0.007,0.228,0.000,0.336,0.206
7.005,6.432,0.573,1.732,0.987,1.649,0.000,15.888,11.343
7.231,6.610,0.621,1.741,0.969,1.650,0.000,16.084,11.595
6.951,6.382,0.569,1.805,1.012,1.733,0.000,15.840,11.307
7.128,6.554,0.574,1.871,1.012,1.679,0.001,16.201,11.516
0.959,0.877,0.082,0.407,0.128,0.651,0.000,3.423,2.393
1.010,0.920,0.090,0.444,0.138,0.702,0.000,3.526,2.393
0.931,0.848,0.083,0.414,0.127,0.650,0.001,3.385,2.347
0.926,0.844,0.082,0.407,0.131,0.650,0.000,3.341,2.313
0.926,0.843,0.083,0.414,0.127,0.657,0.001,3.418,2.360
0.925,0.842,0.083,0.405,0.127,0.649,0.001,3.325,2.290
0.951,0.864,0.087,0.426,0.135,0.684,0.000,3.478,2.416
0.995,0.900,0.095,0.402,0.127,0.651,0.000,3.518,2.448
0.015,0.011,0.004,0.008,0.004,0.252,0.000,0.349,0.220
0.014,0.011,0.003,0.009,0.004,0.243,0.000,0.341,0.217
0.008,0.005,0.003,0.004,0.001,0.019,0.000,0.055,0.024
0.009,0.005,0.004,0.004,0.001,0.019,0.001,0.058,0.021
0.009,0.006,0.003,0.003,0.012,0.008,0.000,0.068,0.030
0.010,0.006,0.004,0.004,0.011,0.008,0.000,0.058,0.019
0.008,0.005,0.003,0.004,0.001,0.019,0.000,0.056,0.023
0.009,0.005,0.004,0.004,0.001,0.019,0.000,0.056,0.022
0.010,0.006,0.004,0.003,0.001,0.020,0.000,0.058,0.019
0.009,0.006,0.003,0.004,0.002,0.019,0.000,0.058,0.021
0.009,0.006,0.003,0.005,0.001,0.012,0.000,0.053,0.022
0.014,0.011,0.003,0.008,0.004,0.012,0.000,0.119,0.078
0.015,0.011,0.004,0.008,0.003,0.012,0.000,0.107,0.068
0.015,0.011,0.004,0.008,0.004,0.013,0.000,0.111,0.070
0.026,0.023,0.003,0.008,0.004,0.012,0.000,0.125,0.071
0.013,0.011,0.002,0.008,0.004,0.012,0.000,0.106,0.068
0.014,0.010,0.004,0.008,0.003,0.012,0.000,0.107,0.071
0.014,0.010,0.004,0.008,0.003,0.012,0.000,0.105,0.070
0.015,0.010,0.005,0.008,0.003,0.012,0.000,0.106,0.069
0.014,0.011,0.003,0.008,0.004,0.012,0.000,0.109,0.067
0.013,0.010,0.003,0.008,0.003,0.013,0.000,0.105,0.065
0.015,0.010,0.005,0.008,0.003,0.013,0.000,0.112,0.068
0.014,0.011,0.003,0.008,0.004,0.013,0.000,0.112,0.073
0.013,0.010,0.003,0.008,0.003,0.012,0.000,0.104,0.067
0.013,0.010,0.003,0.008,0.004,0.011,0.001,0.104,0.064
0.015,0.010,0.005,0.007,0.003,0.013,0.000,0.108,0.068
0.014,0.011,0.003,0.007,0.003,0.012,0.000,0.106,0.067
0.015,0.010,0.005,0.008,0.003,0.013,0.001,0.110,0.064
0.017,0.012,0.005,0.008,0.004,0.015,0.000,0.132,0.077
0.019,0.014,0.005,0.010,0.005,0.017,0.000,0.130,0.078
0.014,0.011,0.003,0.008,0.004,0.012,0.000,0.113,0.070
0.015,0.011,0.004,0.008,0.003,2.717,0.002,2.815,1.620
0.015,0.011,0.004,0.007,0.003,2.540,0.003,2.640,1.505
0.015,0.011,0.004,0.008,0.003,2.549,0.003,2.646,1.523
0.014,0.010,0.004,0.007,0.004,2.658,0.003,2.756,1.602
0.014,0.011,0.003,0.008,0.004,2.633,0.003,2.734,1.558
0.014,0.011,0.003,0.008,0.004,2.615,0.003,2.715,1.600
0.014,0.011,0.003,0.007,0.004,2.534,0.002,2.630,1.499
0.015,0.012,0.003,0.008,0.004,2.719,0.003,2.823,1.605
0.015,0.011,0.004,0.008,0.003,2.548,0.003,2.646,1.532
0.015,0.011,0.004,0.008,0.003,2.541,0.002,2.645,1.509
0.014,0.011,0.003,0.008,0.003,2.540,0.003,2.638,1.486
0.014,0.011,0.003,0.008,0.004,2.573,0.002,2.676,1.555
0.015,0.012,0.003,0.009,0.004,2.616,0.003,2.723,1.591
0.015,0.011,0.004,0.007,0.004,2.734,0.002,2.852,1.586
0.014,0.010,0.004,0.008,0.004,0.055,0.000,0.150,0.095
0.014,0.010,0.004,0.008,0.003,0.056,0.000,0.150,0.092
0.013,0.010,0.003,0.008,0.003,0.070,0.001,0.164,0.104
0.015,0.011,0.004,0.007,0.004,0.056,0.000,0.151,0.091
0.015,0.010,0.005,0.007,0.004,0.055,0.000,0.154,0.092
0.015,0.011,0.004,0.008,0.004,0.029,0.000,0.125,0.079
0.016,0.012,0.004,0.008,0.004,0.031,0.000,0.132,0.080
0.015,0.011,0.004,0.008,0.003,0.030,0.001,0.128,0.076
0.015,0.011,0.004,0.008,0.004,0.030,0.001,0.133,0.077
0.013,0.010,0.003,0.008,0.004,0.029,0.000,0.123,0.078
0.015,0.011,0.004,0.008,0.003,0.030,0.000,0.124,0.077
0.015,0.011,0.004,0.007,0.004,0.030,0.000,0.128,0.077
0.014,0.010,0.004,0.008,0.003,0.030,0.000,0.124,0.076
0.015,0.011,0.004,0.008,0.003,0.031,0.000,0.151,0.081
0.015,0.011,0.004,0.007,0.004,0.029,0.000,0.126,0.077
0.016,0.011,0.005,0.008,0.004,0.031,0.000,0.134,0.081
0.015,0.011,0.004,0.009,0.004,0.031,0.000,0.140,0.091
0.013,0.010,0.003,0.008,0.004,0.029,0.000,0.123,0.076
0.014,0.011,0.003,0.009,0.004,3.615,0.001,3.713,0.878
0.905,0.824,0.081,0.326,0.120,0.951,0.001,3.520,2.239
0.909,0.829,0.080,0.331,0.121,0.653,0.001,3.231,2.205
0.907,0.827,0.080,0.346,0.121,0.654,0.000,3.292,2.245
0.910,0.830,0.080,0.367,0.127,0.692,0.000,3.309,2.246
0.914,0.833,0.081,0.333,0.121,0.656,0.001,3.247,2.210
0.907,0.823,0.084,0.370,0.130,0.724,0.000,3.338,2.253
0.966,0.885,0.081,0.336,0.120,0.650,0.000,3.280,2.239
0.906,0.825,0.081,0.338,0.120,0.655,0.000,3.225,2.201
0.959,0.878,0.081,0.332,0.121,0.659,0.001,3.255,2.231
0.939,0.858,0.081,0.327,0.120,0.654,0.001,3.295,2.253
0.937,0.853,0.084,0.361,0.121,0.647,0.000,3.254,2.197
0.916,0.834,0.082,0.323,0.121,0.647,0.001,3.192,2.170
0.907,0.827,0.080,0.335,0.120,0.655,0.001,3.211,2.181
0.958,0.874,0.084,0.339,0.135,0.649,0.000,3.261,2.204
0.908,0.826,0.082,0.321,0.120,0.648,0.001,3.181,2.159
0.908,0.827,0.081,0.334,0.120,0.651,0.000,3.262,2.232
0.908,0.827,0.081,0.327,0.120,0.654,0.000,3.189,2.187
0.910,0.829,0.081,0.312,0.121,0.657,0.001,3.179,2.166
0.909,0.827,0.082,0.327,0.120,0.648,0.000,3.189,2.175
0.926,0.845,0.081,0.321,0.120,0.659,0.001,3.286,2.266
0.907,0.826,0.081,0.331,0.121,0.658,0.000,3.200,2.158
0.968,0.882,0.086,0.350,0.120,0.656,0.000,3.285,2.224
0.942,0.860,0.082,0.322,0.119,0.717,0.001,3.291,2.234
0.916,0.835,0.081,0.334,0.119,0.667,0.001,3.236,2.191
0.906,0.826,0.080,0.366,0.129,0.710,0.000,3.291,2.234
0.910,0.829,0.081,0.326,0.141,0.693,0.001,3.376,2.296
0.907,0.826,0.081,0.319,0.119,0.659,0.000,3.185,2.179
0.905,0.824,0.081,0.327,0.119,0.656,0.000,3.193,2.170
0.907,0.827,0.080,0.330,0.119,0.655,0.000,3.190,2.165
0.921,0.840,0.081,0.334,0.122,0.656,0.001,3.218,2.196
0.908,0.828,0.080,0.332,0.121,0.667,0.000,3.213,2.205
0.907,0.827,0.080,0.324,0.120,0.658,0.001,3.191,2.166
0.909,0.829,0.080,0.328,0.121,0.656,0.000,3.198,2.179
0.910,0.829,0.081,0.334,0.120,0.656,0.000,3.205,2.184
0.905,0.825,0.080,0.331,0.119,0.655,0.001,3.280,2.248
0.951,0.871,0.080,0.325,0.120,0.656,0.001,3.274,2.217
0.914,0.832,0.082,0.323,0.122,0.659,0.001,3.202,2.170
0.913,0.831,0.082,0.337,0.120,0.660,0.001,3.214,2.173
0.909,0.828,0.081,0.334,0.120,0.660,0.001,3.206,2.187
0.989,0.904,0.085,0.338,0.126,0.686,0.000,3.425,2.334
0.907,0.826,0.081,0.334,0.119,0.656,0.000,3.244,2.215
0.910,0.830,0.080,0.333,0.121,0.656,0.000,3.286,2.251
0.907,0.826,0.081,0.332,0.121,0.706,0.000,3.248,2.185
6.695,6.132,0.563,1.263,0.738,1.654,0.000,14.776,10.263
6.775,6.213,0.562,1.251,0.709,1.639,0.000,14.736,10.205
6.766,6.204,0.562,1.240,0.714,1.736,0.000,14.822,10.224
6.690,6.127,0.563,1.710,0.708,1.626,0.001,15.103,10.490
6.704,6.143,0.561,1.729,0.711,1.646,0.000,15.227,10.570
6.777,6.185,0.592,1.268,0.734,1.634,0.001,14.942,10.384
6.677,6.117,0.560,1.235,0.708,1.681,0.000,14.958,10.409
6.655,6.094,0.561,1.229,0.705,1.657,0.001,14.655,10.187
6.694,6.132,0.562,1.265,0.770,1.691,0.000,14.775,10.238
6.683,6.120,0.563,1.166,0.708,1.636,0.001,14.570,10.068
6.693,6.127,0.566,1.182,0.709,16.534,0.003,29.553,18.736
6.771,6.169,0.602,1.286,0.707,16.370,0.002,29.558,18.657
6.708,6.146,0.562,1.223,0.710,166.003,0.021,179.053,103.298
7.123,6.486,0.637,1.312,0.711,165.425,0.020,179.074,103.315
6.686,6.121,0.565,1.173,0.708,1.700,0.001,14.638,10.166
7.167,6.600,0.567,1.237,0.708,166.164,0.020,179.762,103.508
6.689,6.127,0.562,1.238,0.710,165.679,0.020,178.921,103.418
6.675,6.112,0.563,1.223,0.711,165.057,0.020,178.085,102.501
6.687,6.122,0.565,1.187,0.707,170.720,0.019,183.744,107.930
6.929,6.324,0.605,1.320,0.748,167.738,0.019,181.255,104.784
6.701,6.139,0.562,1.820,0.711,166.105,0.019,179.728,103.604
6.697,6.131,0.566,1.835,0.711,165.863,0.019,179.531,103.576
6.873,6.311,0.562,1.880,0.708,168.053,0.021,181.981,105.366
6.904,6.338,0.566,1.807,0.760,166.098,0.019,180.181,103.948
6.704,6.138,0.566,1.570,0.706,165.349,0.021,178.822,102.904
6.721,6.117,0.604,1.216,0.706,170.913,0.020,183.925,108.192
6.897,6.329,0.568,0.897,0.706,170.337,0.019,183.466,106.059
6.658,6.064,0.594,1.176,0.709,163.978,0.020,176.945,101.292
6.621,6.020,0.601,1.278,0.711,165.698,0.021,178.737,102.242
6.654,6.086,0.568,1.126,0.708,165.299,0.020,178.219,103.063
6.822,6.218,0.604,1.191,0.710,165.743,0.020,178.982,103.756
6.930,6.363,0.567,1.121,0.712,165.281,0.019,178.487,102.711
6.807,6.239,0.568,1.149,0.710,1.621,0.000,14.683,10.265
6.582,6.016,0.566,1.161,0.709,1.617,0.000,14.566,10.197
6.565,5.999,0.566,1.137,0.712,1.623,0.000,14.450,10.091
6.567,5.998,0.569,1.181,0.709,1.633,0.000,14.478,10.123
6.644,6.046,0.598,1.184,0.711,1.636,0.001,14.531,10.120
6.664,6.075,0.589,1.110,0.711,1.630,0.001,14.538,10.136
6.718,6.152,0.566,1.286,0.749,1.644,0.000,14.750,10.228
6.659,6.090,0.569,1.096,0.709,1.708,0.001,14.637,10.202
6.846,6.275,0.571,1.152,0.770,1.641,0.000,15.110,10.560
6.666,6.094,0.572,1.243,0.708,1.614,0.000,14.814,10.351
6.586,6.016,0.570,1.128,0.712,1.626,0.000,14.489,10.101
0.014,0.010,0.004,0.007,0.004,0.208,0.000,0.306,0.184
0.014,0.011,0.003,0.006,0.004,0.208,0.000,0.316,0.215
0.014,0.010,0.004,0.007,0.003,0.208,0.000,0.302,0.178
0.015,0.010,0.005,0.007,0.003,0.210,0.000,0.310,0.193
0.014,0.010,0.004,0.007,0.003,0.211,0.000,0.306,0.184
0.015,0.011,0.004,0.007,0.004,0.209,0.001,0.307,0.183
0.014,0.010,0.004,0.006,0.004,0.024,0.001,0.121,0.073
0.014,0.010,0.004,0.006,0.004,0.024,0.000,0.118,0.074
0.014,0.010,0.004,0.008,0.003,0.026,0.000,0.127,0.078
0.014,0.010,0.004,0.006,0.004,0.024,0.001,0.120,0.072
0.017,0.012,0.005,0.007,0.004,0.028,0.000,0.143,0.085
0.014,0.010,0.004,0.006,0.003,0.025,0.000,0.118,0.076
0.014,0.010,0.004,0.006,0.004,0.024,0.000,0.117,0.074
0.015,0.011,0.004,0.023,0.004,0.025,0.000,0.149,0.093
0.014,0.010,0.004,0.006,0.004,0.024,0.000,0.120,0.074
0.014,0.010,0.004,0.007,0.003,0.025,0.000,0.119,0.074
0.028,0.024,0.004,0.006,0.004,0.024,0.000,0.137,0.078
0.013,0.010,0.003,0.007,0.004,0.024,0.000,0.121,0.075
0.014,0.010,0.004,0.007,0.003,0.025,0.000,0.118,0.071
0.013,0.010,0.003,0.007,0.003,0.024,0.000,0.119,0.076
0.031,0.028,0.003,0.007,0.003,0.027,0.000,0.156,0.090
0.013,0.010,0.003,0.007,0.004,0.025,0.000,0.133,0.086
0.013,0.010,0.003,0.009,0.007,0.025,0.000,0.125,0.080
0.016,0.011,0.005,0.009,0.007,0.027,0.000,0.135,0.088
0.015,0.011,0.004,0.009,0.006,0.025,0.000,0.127,0.082
0.015,0.011,0.004,0.009,0.006,0.025,0.000,0.129,0.083
0.014,0.010,0.004,0.009,0.007,0.024,0.000,0.128,0.081
0.014,0.010,0.004,0.009,0.007,0.024,0.000,0.124,0.080
0.013,0.011,0.002,0.009,0.007,0.024,0.001,0.137,0.089
0.014,0.010,0.004,0.009,0.007,0.025,0.001,0.131,0.083
0.014,0.010,0.004,0.009,0.006,0.025,0.000,0.129,0.083
0.015,0.010,0.005,0.009,0.007,0.025,0.000,0.128,0.082
0.032,0.011,0.021,0.017,0.004,0.024,0.000,0.170,0.075
0.014,0.010,0.004,0.006,0.004,0.025,0.000,0.144,0.076
0.014,0.010,0.004,0.006,0.003,0.025,0.000,0.144,0.069
0.030,0.027,0.003,0.008,0.003,0.025,0.000,0.159,0.077
0.054,0.047,0.007,0.019,0.009,0.037,0.001,0.329,0.181
7.079,6.465,0.614,1.100,0.764,0.200,0.000,17.562,9.520
0.014,0.010,0.004,0.007,0.003,0.024,0.000,0.138,0.074
0.015,0.011,0.004,0.007,0.003,0.025,0.000,0.120,0.078
0.015,0.011,0.004,0.007,0.004,0.027,0.000,0.130,0.083
0.015,0.011,0.004,0.007,0.004,0.024,0.000,0.120,0.074
0.014,0.010,0.004,0.007,0.004,0.026,0.000,0.124,0.079
0.016,0.012,0.004,0.007,0.004,0.028,0.000,0.132,0.082
0.015,0.010,0.005,0.007,0.003,0.027,0.000,0.121,0.079
0.013,0.010,0.003,0.008,0.003,0.025,0.000,0.119,0.075
0.015,0.011,0.004,0.007,0.004,0.026,0.000,0.139,0.093
0.016,0.012,0.004,0.008,0.005,0.029,0.000,0.133,0.077
0.014,0.010,0.004,0.006,0.004,0.025,0.000,0.117,0.073
0.015,0.010,0.005,0.007,0.003,0.026,0.000,0.121,0.075
0.016,0.011,0.005,0.007,0.004,0.029,0.000,0.134,0.079
0.014,0.010,0.004,0.006,0.004,0.024,0.000,0.118,0.077
0.014,0.011,0.003,0.008,0.004,0.026,0.000,0.121,0.076
0.013,0.010,0.003,0.008,0.004,0.024,0.000,0.120,0.078
0.014,0.010,0.004,0.006,0.004,0.024,0.000,0.116,0.074
0.014,0.010,0.004,0.006,0.004,0.025,0.001,0.119,0.073
0.903,0.822,0.081,0.317,0.116,0.073,0.000,2.590,1.909
0.905,0.821,0.084,0.323,0.119,0.074,0.001,2.683,1.931
0.941,0.857,0.084,0.329,0.117,0.077,0.000,2.727,1.981
0.940,0.855,0.085,0.307,0.117,0.075,0.000,2.713,1.949
0.939,0.854,0.085,0.326,0.122,0.073,0.000,2.720,1.977
0.016,0.011,0.005,0.007,0.003,0.028,0.000,0.192,0.078
0.016,0.012,0.004,0.007,0.003,0.027,0.000,0.125,0.081
0.014,0.011,0.003,0.007,0.003,0.026,0.000,0.119,0.075
0.015,0.010,0.005,0.007,0.004,0.025,0.000,0.120,0.079
0.014,0.010,0.004,0.008,0.004,0.025,0.001,0.122,0.078
0.014,0.010,0.004,0.007,0.004,0.025,0.000,0.120,0.076
0.014,0.010,0.004,0.007,0.002,0.024,0.000,0.115,0.073
0.038,0.030,0.008,0.019,0.008,0.038,0.000,0.252,0.169
0.938,0.855,0.083,0.312,0.134,0.074,0.000,2.732,1.992
0.932,0.847,0.085,0.297,0.134,0.657,0.001,3.288,2.245
0.933,0.849,0.084,0.320,0.135,0.658,0.000,3.327,2.286
6.864,6.253,0.611,1.278,0.780,1.636,0.000,15.071,10.698
6.755,6.181,0.574,1.337,0.756,1.719,0.001,15.086,10.700
6.730,6.162,0.568,1.246,0.703,1.677,0.000,14.870,10.293
7.030,6.463,0.567,1.665,0.711,1.618,0.000,15.541,10.770
6.933,6.324,0.609,1.496,0.709,1.670,0.000,15.452,10.677
6.903,6.332,0.571,1.620,0.751,10.109,0.001,24.110,15.598
7.238,6.625,0.613,2.039,0.711,1.744,0.000,16.283,11.208
6.826,6.260,0.566,1.745,0.773,1.648,0.001,15.416,10.652
6.753,6.185,0.568,1.687,0.717,1.660,0.000,15.233,10.569
6.816,6.247,0.569,1.816,0.740,1.610,0.001,15.392,10.610
6.963,6.394,0.569,1.680,0.742,1.682,0.000,15.510,10.618
6.552,5.993,0.559,1.759,0.713,1.616,0.001,15.095,10.639
6.615,6.051,0.564,1.703,0.762,1.606,0.000,15.100,10.580
6.545,5.982,0.563,1.740,0.763,1.621,0.000,15.084,10.614
6.783,6.155,0.628,1.878,0.718,0.179,0.000,14.069,9.997
6.541,5.973,0.568,1.744,0.701,0.178,0.000,13.665,9.787
6.777,6.210,0.567,1.753,0.702,0.179,0.000,14.030,10.053
6.634,6.065,0.569,1.695,0.701,0.181,0.001,13.735,9.801
6.673,6.104,0.569,1.739,0.702,0.181,0.000,13.918,9.877
6.679,6.108,0.571,1.457,0.698,0.179,0.001,13.540,9.681
6.665,6.096,0.569,0.756,0.704,0.180,0.000,12.835,9.102
7.012,6.445,0.567,1.333,0.705,0.180,0.000,13.779,9.874
6.628,6.055,0.573,1.344,0.704,1.620,0.001,14.969,10.557
7.187,6.617,0.570,1.704,0.739,1.634,0.000,15.797,10.764
6.662,6.094,0.568,1.719,0.706,1.615,0.000,15.239,10.663
0.015,0.012,0.003,0.009,0.006,0.026,0.000,0.127,0.082
0.020,0.014,0.006,0.010,0.009,0.033,0.000,0.160,0.096
0.015,0.011,0.004,0.008,0.007,0.025,0.000,0.131,0.086
0.013,0.010,0.003,0.008,0.006,0.024,0.000,0.119,0.076
0.189,80.124,0.000,85.592,84.256
0.182,79.674,0.001,85.188,83.849
0.186,79.618,0.001,85.069,83.751
6.634,6.068,0.566,1.747,0.701,1.666,0.000,15.272,10.645
0.015,0.011,0.004,0.007,0.003,0.222,0.001,0.316,0.190
0.014,0.010,0.004,0.007,0.004,2.672,0.003,2.768,1.636
0.014,0.010,0.004,0.007,0.003,2.737,0.002,2.833,1.684
0.015,0.011,0.004,0.008,0.003,2.708,0.003,2.809,1.665
0.015,0.011,0.004,0.007,0.004,2.761,0.003,2.858,1.688
0.014,0.010,0.004,0.007,0.004,2.778,0.002,2.875,1.703
0.015,0.011,0.004,0.007,0.004,2.712,0.003,2.811,1.674
6.647,6.079,0.568,1.405,0.794,20.335,0.003,33.594,20.818
7.043,6.471,0.572,1.469,0.717,20.086,0.003,33.745,20.975
6.617,6.050,0.567,1.444,0.718,20.157,0.002,33.345,20.729
6.614,6.043,0.571,1.773,0.716,19.766,0.003,33.286,20.706
0.015,0.011,0.004,0.005,0.004,2.476,0.003,2.571,1.507
0.014,0.010,0.004,0.006,0.003,2.520,0.002,2.610,1.508
0.015,0.011,0.004,0.007,0.003,2.480,0.003,2.576,1.527
0.014,0.010,0.004,0.007,0.003,2.563,0.002,2.662,1.575
0.014,0.010,0.004,0.006,0.004,2.483,0.002,2.571,1.504
0.041,0.031,0.010,0.019,0.027,7.056,0.006,7.310,4.244
0.013,0.010,0.003,0.007,0.003,2.482,0.003,2.570,1.474
0.014,0.010,0.004,0.006,0.004,2.552,0.002,2.644,1.553
0.015,0.010,0.005,0.006,0.003,2.478,0.003,2.566,1.466
6.716,6.142,0.574,1.669,0.717,19.929,0.003,33.373,20.640
6.610,6.042,0.568,1.624,0.762,20.167,0.002,33.460,20.836
6.857,6.290,0.567,1.713,0.757,20.026,0.003,33.668,21.107
6.698,6.128,0.570,1.670,0.716,20.134,0.003,33.576,20.905
7.476,6.740,0.736,1.736,0.713,19.946,0.003,34.236,20.825
0.015,0.010,0.005,0.006,0.004,2.556,0.003,2.643,1.557
0.014,0.011,0.003,0.007,0.004,2.690,0.003,2.777,1.645
0.014,0.011,0.003,0.008,0.004,2.637,0.003,2.725,1.568
0.015,0.011,0.004,0.007,0.003,2.601,0.002,2.755,1.554
0.017,0.012,0.005,0.007,0.004,2.689,0.003,2.858,1.675
0.014,0.010,0.004,0.007,0.004,2.675,0.002,2.814,1.662
0.017,0.013,0.004,0.010,0.004,3.013,0.003,3.180,1.881
0.014,0.010,0.004,0.007,0.004,2.742,0.002,2.897,1.754
7.088,6.480,0.608,2.175,0.814,21.342,0.003,41.008,22.525
8.175,7.388,0.787,2.666,1.086,22.087,0.003,49.900,24.335
6.655,6.086,0.569,1.858,0.736,20.632,0.003,34.438,21.254
6.779,6.208,0.571,1.883,0.707,20.173,0.003,34.196,21.432
6.602,6.035,0.567,1.859,0.711,20.203,0.003,33.936,21.043
6.733,6.163,0.570,1.958,0.705,19.916,0.002,33.812,21.134
6.629,6.062,0.567,1.808,0.706,19.873,0.002,33.615,20.983
6.884,6.284,0.600,1.838,0.709,20.297,0.003,34.339,21.524
6.671,6.101,0.570,1.813,0.709,19.854,0.003,33.749,21.124
6.593,6.027,0.566,1.797,0.711,20.478,0.003,34.173,21.294
6.629,6.062,0.567,1.765,0.711,19.785,0.003,33.411,20.747
6.647,6.081,0.566,1.886,0.705,19.949,0.002,33.709,21.014
6.625,6.058,0.567,1.801,0.705,19.799,0.002,33.457,20.850
6.675,6.076,0.599,1.898,0.706,19.913,0.003,33.735,21.074
6.746,6.178,0.568,1.872,0.756,19.885,0.003,33.813,21.148
6.823,6.254,0.569,1.898,0.709,19.996,0.003,33.983,21.216
6.667,6.096,0.571,1.850,0.723,19.791,0.002,33.581,20.974
6.840,6.273,0.567,1.848,0.758,20.539,0.003,34.611,21.712
6.860,6.294,0.566,1.920,0.706,20.072,0.003,34.070,21.242
6.603,6.036,0.567,1.844,0.706,20.151,0.003,33.830,21.173
6.619,6.049,0.570,1.881,0.710,20.309,0.002,34.154,21.497
7.276,6.707,0.569,1.878,0.711,20.245,0.003,34.660,21.252
6.686,6.085,0.601,1.844,0.706,19.852,0.003,33.604,20.943
6.898,6.331,0.567,1.828,0.747,19.795,0.002,33.901,21.245
6.919,6.350,0.569,1.849,0.733,20.080,0.003,34.111,21.208
6.689,6.122,0.567,1.874,0.711,20.231,0.003,34.076,21.360
0.014,0.010,0.004,0.009,0.003,2.838,0.003,2.963,1.839
0.014,0.010,0.004,0.007,0.004,2.713,0.003,2.811,1.750
0.013,0.010,0.003,0.008,0.004,2.701,0.002,2.797,1.744
0.013,0.010,0.003,0.009,0.003,2.722,0.002,2.820,1.731
0.013,0.010,0.003,0.008,0.004,2.791,0.003,2.903,1.791
0.014,0.010,0.004,0.008,0.004,2.726,0.003,2.827,1.748
0.024,0.019,0.005,0.009,0.005,3.102,0.003,3.259,2.037
0.015,0.011,0.004,0.008,0.004,2.809,0.003,2.915,1.794
0.014,0.010,0.004,0.007,0.004,2.715,0.003,2.813,1.738
0.013,0.010,0.003,0.008,0.003,2.710,0.002,2.809,1.746
0.013,0.010,0.003,0.008,0.004,2.713,0.002,2.810,1.752
0.013,0.010,0.003,0.008,0.004,2.861,0.002,2.958,1.849
0.027,0.020,0.007,0.016,0.008,4.767,0.003,4.933,3.043
0.014,0.010,0.004,0.007,0.004,2.706,0.003,2.804,1.735
0.014,0.010,0.004,0.008,0.004,2.710,0.002,2.810,1.751
0.014,0.010,0.004,0.008,0.004,2.710,0.003,2.810,1.748
0.014,0.010,0.004,0.008,0.004,2.729,0.002,2.829,1.736
0.014,0.010,0.004,0.009,0.003,2.948,0.003,3.048,1.883
0.014,0.011,0.003,0.008,0.004,2.725,0.002,2.826,1.731
0.013,0.010,0.003,0.009,0.004,2.753,0.003,2.854,1.781
0.014,0.011,0.003,0.008,0.004,2.767,0.003,2.867,1.773
0.014,0.011,0.003,0.008,0.004,2.783,0.002,2.882,1.769
0.014,0.010,0.004,0.008,0.004,2.708,0.003,2.808,1.759
0.014,0.010,0.004,0.008,0.004,2.723,0.003,2.822,1.760
0.015,0.011,0.004,0.009,0.003,2.749,0.002,2.853,1.753
0.015,0.011,0.004,0.008,0.004,2.870,0.003,2.973,1.869
0.013,0.010,0.003,0.008,0.004,2.766,0.003,2.864,1.779
0.015,0.011,0.004,0.009,0.004,2.949,0.003,3.078,1.909
0.015,0.010,0.005,0.009,0.004,2.756,0.003,2.862,1.783
0.014,0.009,0.005,0.008,0.004,0.012,0.000,0.109,0.072
0.014,0.011,0.003,0.009,0.003,0.013,0.000,0.111,0.068
0.014,0.010,0.004,0.009,0.003,0.013,0.000,0.111,0.067
0.014,0.010,0.004,0.008,0.004,0.012,0.001,0.112,0.065
0.013,0.011,0.002,0.009,0.003,0.013,0.000,0.109,0.068
0.016,0.011,0.005,0.008,0.004,0.013,0.000,0.118,0.075
0.014,0.010,0.004,0.008,0.004,0.012,0.000,0.110,0.070
0.014,0.010,0.004,0.008,0.004,0.012,0.000,0.111,0.069
0.013,0.010,0.003,0.009,0.003,0.013,0.000,0.110,0.068
0.014,0.011,0.003,0.008,0.004,0.013,0.000,0.114,0.071
0.014,0.010,0.004,0.007,0.004,0.012,0.000,0.108,0.069
0.014,0.010,0.004,0.007,0.004,0.013,0.000,0.111,0.066
0.014,0.011,0.003,0.007,0.004,0.013,0.000,0.109,0.064
0.014,0.010,0.004,0.008,0.004,0.012,0.000,0.111,0.067
0.014,0.010,0.004,0.007,0.004,0.012,0.000,0.112,0.067
0.015,0.012,0.003,0.008,0.004,0.013,0.001,0.117,0.071
0.014,0.011,0.003,0.008,0.004,0.012,0.000,0.110,0.069
0.014,0.011,0.003,0.007,0.004,0.012,0.001,0.109,0.066
0.015,0.011,0.004,0.007,0.004,0.013,0.000,0.111,0.066
0.014,0.010,0.004,0.007,0.004,0.012,0.000,0.108,0.069
0.014,0.010,0.004,0.008,0.004,0.012,0.000,0.125,0.067
0.014,0.011,0.003,0.008,0.004,0.012,0.000,0.109,0.067
0.015,0.010,0.005,0.008,0.004,0.024,0.000,0.126,0.078
0.014,0.010,0.004,0.007,0.004,0.012,0.000,0.114,0.068
0.014,0.010,0.004,0.007,0.004,0.012,0.001,0.110,0.068
0.014,0.010,0.004,0.007,0.004,0.012,0.001,0.108,0.067
0.014,0.010,0.004,0.007,0.004,0.012,0.000,0.109,0.068
0.015,0.012,0.003,0.009,0.004,0.013,0.001,0.117,0.074
14735599616.000,1.615,0.000,7.916,1.615,nan,-0.213,0.000,5.473
14735599616.000,1.729,0.000,8.419,1.729,nan,-0.204,-0.000,5.796
14735599616.000,1.610,0.001,7.900,1.610,nan,-0.152,-0.000,5.469
14735599616.000,1.614,0.000,7.911,1.614,nan,-0.311,-0.000,5.500
14735599616.000,1.735,0.000,8.419,1.735,nan,-0.245,-0.000,5.731
14735599616.000,1.621,0.000,7.891,1.621,nan,-0.244,-0.000,5.483
14735599616.000,1.615,0.001,8.312,1.615,nan,-0.209,-0.000,5.633
14735599616.000,1.614,0.000,7.999,1.614,nan,0.401,0.000,5.584
14735599616.000,1.611,0.000,7.901,1.611,nan,0.448,0.000,5.483
14735599616.000,1.617,0.000,7.911,1.617,nan,0.259,0.000,5.483
14735599616.000,1.638,0.000,8.067,1.638,nan,0.209,0.000,5.554
14735599616.000,1.671,0.001,8.038,1.671,nan,0.415,0.000,5.617
14735599616.000,1.616,0.000,7.962,1.616,nan,0.428,0.000,5.496
14735599616.000,1.612,0.001,7.985,1.612,nan,0.286,0.000,5.438
14735599616.000,1.615,0.000,7.878,1.615,nan,0.332,0.000,5.479
14735599616.000,1.603,0.000,7.872,1.603,nan,0.177,-0.000,5.464
6.794,6.230,0.564,1.132,0.993,0.192,0.000,13.507,9.776
6.955,6.385,0.570,1.032,0.963,0.178,0.000,13.550,9.835
6.792,6.225,0.567,1.010,0.970,0.180,0.000,13.463,9.707
14735599616.000,19.884,0.002,26.221,19.884,nan,0.135,0.000,15.746
14735599616.000,20.271,0.002,26.533,20.271,nan,0.155,0.000,15.935
14735599616.000,20.106,0.002,26.401,20.106,nan,0.584,0.000,15.872
14735599616.000,20.358,0.002,26.742,20.358,nan,0.612,0.000,16.080
14735599616.000,20.091,0.002,26.466,20.091,nan,-0.126,-0.000,15.875
14735599616.000,8.161,0.002,9.696,8.161,nan,-0.289,-0.000,4.807
14735599616.000,8.274,0.002,9.814,8.274,nan,-0.290,-0.000,4.922
14735599616.000,8.182,0.002,9.754,8.182,nan,-0.437,-0.000,4.873
14735599616.000,8.072,0.002,9.603,8.072,nan,-0.600,-0.000,4.769
14735599616.000,8.083,0.003,9.621,8.083,nan,-0.309,0.000,4.752
14735599616.000,8.081,0.003,9.635,8.081,nan,-0.440,-0.000,4.754
14735599616.000,8.075,0.003,9.712,8.075,nan,-0.325,0.000,4.818
14735599616.000,8.067,0.003,9.603,8.067,nan,-0.370,-0.000,4.730
14735599616.000,8.611,0.003,10.312,8.611,nan,-0.449,-0.000,5.164
14735599616.000,8.242,0.002,9.881,8.242,nan,-0.359,-0.000,4.893
14735599616.000,8.443,0.002,10.001,8.443,nan,-0.414,-0.000,5.028
14735599616.000,8.267,0.003,9.820,8.267,nan,-0.238,0.000,4.840
14735599616.000,8.154,0.002,9.714,8.154,nan,-0.395,-0.000,4.812
14735599616.000,8.363,0.002,9.921,8.363,nan,-0.206,-0.000,4.974
14735599616.000,20.531,0.002,27.582,20.531,nan,-0.145,-0.000,16.513
14735599616.000,20.732,0.002,27.243,20.732,nan,0.000,-0.004,16.519
14735599616.000,20.004,0.002,26.430,20.004,nan,0.000,-0.017,15.816
14735599616.000,19.972,0.003,26.370,19.972,nan,-0.672,-0.000,15.811
14735599616.000,20.734,0.003,27.610,20.734,nan,-0.687,-0.000,16.519
14735599616.000,20.775,0.002,27.260,20.775,nan,-0.622,-0.000,16.241
14735599616.000,20.129,0.002,26.633,20.129,nan,-0.060,0.000,15.930
14735599616.000,20.084,0.003,26.532,20.084,nan,-0.645,-0.000,15.891
14735599616.000,20.540,0.002,27.295,20.540,nan,-0.689,-0.000,16.237
14735599616.000,20.731,0.002,27.292,20.731,nan,-0.673,-0.000,16.504
14735599616.000,20.060,0.002,26.409,20.060,nan,-0.690,-0.000,15.880
14735599616.000,20.534,0.002,26.821,20.534,nan,-0.592,-0.000,16.072
14735599616.000,19.979,0.003,26.249,19.979,nan,0.000,-0.013,15.799
14735599616.000,20.229,0.002,26.592,20.229,nan,-0.077,0.000,16.061
14735599616.000,20.690,0.003,27.196,20.690,nan,-0.039,0.000,16.524
14735599616.000,20.321,0.002,26.610,20.321,nan,-0.636,-0.000,15.996
14735599616.000,20.186,0.002,26.486,20.186,nan,-0.626,-0.000,15.915
14735599616.000,20.600,0.002,26.987,20.600,nan,-0.119,0.000,16.244
14735599616.000,19.999,0.003,26.490,19.999,nan,0.000,-0.002,15.888
0.014,0.010,0.004,0.006,0.004,0.012,0.000,0.107,0.068
0.272,0.235,0.037,0.046,0.034,0.738,0.001,1.648,1.176
0.276,0.239,0.037,0.042,0.035,0.737,0.001,1.651,1.175
0.272,0.235,0.037,0.049,0.034,0.738,0.000,1.658,1.183
0.272,0.235,0.037,0.046,0.034,0.738,0.000,1.676,1.205
0.269,0.232,0.037,0.052,0.035,0.738,0.000,1.650,1.185
0.273,0.235,0.038,0.049,0.035,0.745,0.000,1.664,1.178
0.272,0.236,0.036,0.056,0.035,0.746,0.000,4.098,3.193
0.273,0.236,0.037,0.054,0.036,0.748,0.000,4.131,3.207
0.272,0.234,0.038,0.068,0.034,0.745,0.001,4.185,3.269
0.271,0.233,0.038,0.085,0.037,0.769,0.001,4.223,3.276
0.275,0.237,0.038,0.057,0.035,0.745,0.001,4.134,3.219
0.176,81.218,0.000,86.751,85.430
0.278,0.239,0.039,0.067,0.035,0.747,0.000,4.179,3.271
0.908,0.826,0.082,0.137,0.133,8.038,0.003,15.955,10.158
0.890,0.807,0.083,0.108,0.133,8.028,0.003,15.892,10.107
0.543,0.307,0.236,0.119,0.132,8.305,0.002,16.277,10.430
0.485,0.272,0.213,0.114,0.132,8.041,0.002,15.486,9.892
0.021,0.009,0.012,0.006,0.004,2.567,0.003,2.673,1.541
0.021,0.009,0.012,0.007,0.004,2.563,0.003,2.668,1.519
0.021,0.008,0.013,0.006,0.004,2.542,0.002,2.645,1.527
0.020,0.008,0.012,0.006,0.004,2.533,0.003,2.635,1.539
0.022,0.008,0.014,0.006,0.004,2.608,0.003,2.718,1.600
0.485,0.274,0.211,0.109,0.132,8.338,0.003,10.324,5.392
0.516,0.288,0.228,0.105,0.140,8.171,0.002,10.201,5.159
2.668,1.723,0.945,0.467,0.754,20.936,0.003,29.338,18.790
2.677,1.731,0.946,0.460,0.747,19.735,0.002,28.213,17.822
2.837,1.839,0.998,0.476,0.746,19.886,0.002,28.608,18.032
2.675,1.724,0.951,0.485,0.749,19.849,0.002,28.265,17.685
2.667,1.721,0.946,0.549,0.821,20.269,0.002,28.967,18.156
2.749,1.796,0.953,0.508,0.785,20.053,0.003,28.746,18.124
2.768,1.786,0.982,0.502,0.746,20.184,0.002,28.804,18.161
2.698,1.725,0.973,0.505,0.801,20.118,0.002,29.012,18.329
2.727,1.774,0.953,0.466,0.754,19.654,0.003,28.125,17.668
2.683,1.739,0.944,0.454,0.748,19.630,0.002,28.017,17.608
2.667,1.722,0.945,0.487,0.746,19.606,0.003,28.158,17.747
2.673,1.724,0.949,0.472,0.753,19.560,0.002,27.958,17.578
2.829,1.842,0.987,0.481,0.789,20.168,0.003,28.902,18.199
2.676,1.733,0.943,0.484,0.747,20.356,0.002,28.754,18.318
2.718,1.768,0.950,0.494,0.782,20.000,0.003,28.604,18.095
2.673,1.725,0.948,0.486,0.747,19.552,0.002,27.955,17.602
2.784,1.802,0.982,0.467,0.748,19.894,0.002,28.398,17.981
2.860,1.864,0.996,0.477,0.769,20.820,0.003,29.753,18.933
2.791,1.824,0.967,0.490,0.747,20.119,0.002,28.766,18.052
2.689,1.739,0.950,0.443,0.748,19.716,0.002,28.092,17.652
2.671,1.726,0.945,0.464,0.746,19.572,0.002,27.952,17.547
2.676,1.731,0.945,0.478,0.752,21.997,0.002,30.424,19.922
2.681,1.739,0.942,0.475,0.748,19.668,0.003,28.144,17.735
2.841,1.849,0.992,0.468,0.768,19.766,0.002,28.413,17.989
2.878,1.889,0.989,0.513,0.758,20.620,0.003,29.271,18.617
7.185,6.563,0.622,0.657,0.971,0.184,0.000,13.619,9.746
7.036,6.456,0.580,0.497,0.970,0.181,0.000,13.442,9.733
6.868,6.292,0.576,0.509,0.974,20.145,0.003,32.994,20.586
14735599616.000,20.995,0.002,27.300,20.995,nan,-0.116,0.000,16.522
0.178,80.215,0.000,85.854,84.515
